{
    "name": "root",
    "metadata": {
        "timer_format_version": "0.1.0",
        "start_time_seconds": "1778493565",
        "python_version": "3.9.25 (main, Nov  3 2025, 22:44:01) [MSC v.1929 64 bit (AMD64)]",
        "command_line_arguments": "C:\\Users\\Xandro\\anaconda3\\envs\\MLagent\\Scripts\\mlagents-learn ./config/catchingconfig.yaml --run-id=45degree_catch_rays_V2 --force",
        "mlagents_version": "0.30.0",
        "mlagents_envs_version": "0.30.0",
        "communication_protocol_version": "1.5.0",
        "pytorch_version": "1.7.1+cu110",
        "numpy_version": "1.21.2",
        "end_time_seconds": "1778493650"
    },
    "total": 84.8713756,
    "count": 1,
    "self": 0.0118659999999835,
    "children": {
        "run_training.setup": {
            "total": 0.23899019999999993,
            "count": 1,
            "self": 0.23899019999999993
        },
        "TrainerController.start_learning": {
            "total": 84.6205194,
            "count": 1,
            "self": 0.006602799999967601,
            "children": {
                "TrainerController._reset_env": {
                    "total": 16.2775263,
                    "count": 1,
                    "self": 16.2775263
                },
                "TrainerController.advance": {
                    "total": 68.21794010000002,
                    "count": 334,
                    "self": 0.0047523999999725675,
                    "children": {
                        "env_step": {
                            "total": 68.17281370000002,
                            "count": 334,
                            "self": 66.27465820000008,
                            "children": {
                                "SubprocessEnvManager._take_step": {
                                    "total": 1.895076199999977,
                                    "count": 334,
                                    "self": 0.016716099999943168,
                                    "children": {
                                        "TorchPolicy.evaluate": {
                                            "total": 1.8783601000000338,
                                            "count": 334,
                                            "self": 1.8783601000000338
                                        }
                                    }
                                },
                                "workers": {
                                    "total": 0.0030792999999711412,
                                    "count": 333,
                                    "self": 0.0,
                                    "children": {
                                        "worker_root": {
                                            "total": 7.376447099999977,
                                            "count": 333,
                                            "is_parallel": true,
                                            "self": 3.8115126999999838,
                                            "children": {
                                                "steps_from_proto": {
                                                    "total": 0.00041749999999929344,
                                                    "count": 1,
                                                    "is_parallel": true,
                                                    "self": 0.0002023999999991588,
                                                    "children": {
                                                        "_process_rank_one_or_two_observation": {
                                                            "total": 0.00021510000000013463,
                                                            "count": 4,
                                                            "is_parallel": true,
                                                            "self": 0.00021510000000013463
                                                        }
                                                    }
                                                },
                                                "UnityEnvironment.step": {
                                                    "total": 3.564516899999994,
                                                    "count": 333,
                                                    "is_parallel": true,
                                                    "self": 0.021856600000003112,
                                                    "children": {
                                                        "UnityEnvironment._generate_step_input": {
                                                            "total": 0.021540200000018217,
                                                            "count": 333,
                                                            "is_parallel": true,
                                                            "self": 0.021540200000018217
                                                        },
                                                        "communicator.exchange": {
                                                            "total": 3.439253799999989,
                                                            "count": 333,
                                                            "is_parallel": true,
                                                            "self": 3.439253799999989
                                                        },
                                                        "steps_from_proto": {
                                                            "total": 0.08186629999998374,
                                                            "count": 333,
                                                            "is_parallel": true,
                                                            "self": 0.04146670000002217,
                                                            "children": {
                                                                "_process_rank_one_or_two_observation": {
                                                                    "total": 0.040399599999961566,
                                                                    "count": 1332,
                                                                    "is_parallel": true,
                                                                    "self": 0.040399599999961566
                                                                }
                                                            }
                                                        }
                                                    }
                                                }
                                            }
                                        }
                                    }
                                }
                            }
                        },
                        "trainer_advance": {
                            "total": 0.040374000000031884,
                            "count": 333,
                            "self": 0.0077438000000107365,
                            "children": {
                                "process_trajectory": {
                                    "total": 0.03263020000002115,
                                    "count": 333,
                                    "self": 0.03263020000002115
                                }
                            }
                        }
                    }
                },
                "TrainerController._save_models": {
                    "total": 0.11845020000001227,
                    "count": 1,
                    "self": 0.0050370000000015125,
                    "children": {
                        "RLTrainer._checkpoint": {
                            "total": 0.11341320000001076,
                            "count": 1,