{"count":1,"self":131.0917376,"total":1498.1498361,"children":{"InitializeActuators":{"count":1,"self":0.0015298,"total":0.0015298,"children":null},"InitializeSensors":{"count":1,"self":0.0015061999999999999,"total":0.0015061999999999999,"children":null},"AgentSendState":{"count":210417,"self":1.9129095999999999,"total":77.065647099999993,"children":{"CollectObservations":{"count":210417,"self":0.64205839999999992,"total":0.64205839999999992,"children":null},"WriteActionMask":{"count":210417,"self":0.22131889999999999,"total":0.22131889999999999,"children":null},"RequestDecision":{"count":210417,"self":1.1854472999999999,"total":74.2893601,"children":{"AgentInfo.ToProto":{"count":210417,"self":1.3741885,"total":73.1039128,"children":{"GenerateSensorData":{"count":210417,"self":71.729721599999991,"total":71.7297243,"children":null}}}}}}},"DecideAction":{"count":210417,"self":1288.0034816,"total":1288.0034435,"children":null},"AgentAct":{"count":210417,"self":0.7600293,"total":0.7600293,"children":null},"AgentInfo.ToProto":{"count":3585,"self":0.0187721,"total":1.2259421,"children":{"GenerateSensorData":{"count":3585,"self":1.2071699999999999,"total":1.2071699999999999,"children":null}}}},"gauges":{"CatchAgent.CumulativeReward":{"count":3585,"max":0.998,"min":-1.11400008,"runningAverage":0.747166157,"value":-1.031,"weightedAverage":0.446443915}},"metadata":{"timer_format_version":"0.1.0","start_time_seconds":"1777380533","unity_version":"6000.3.9f1","command_line_arguments":"C:\\Program Files\\Unity\\Hub\\Editor\\6000.3.9f1\\Editor\\Unity.exe -projectpath C:\\Users\\Xandro\\Documents\\school\\2025-2026\\VR experience\\VR-experience-trefbal -acceptSoftwareTermsForThisRunOnly -useHub -hubIPC -cloudEnvironment production","communication_protocol_version":"1.5.0","com.unity.ml-agents_version":"4.0.3","scene_name":"TrainingScene","end_time_seconds":"1777382031"}}